answer,reasoning
Yes,"Mr. Smith did more than just have the gun nearby. He brought it out, showed it to the undercover officer, and offered to trade it for cocaine. In ordinary terms, he was using the gun as a thing of value to help complete a drug deal. Even though he did not fire it, threaten anyone with it, or use it as a weapon, he used it as payment in connection with buying drugs. So a reasonable person could say he “used” the gun during and in relation to a drug trafficking crime."
Yes,"Mr. Smith did not fire the gun or threaten anyone with it, but he did more than just possess it. He showed the MAC-10 to the undercover officer and offered to trade it for cocaine. In ordinary terms, he was using the gun as something valuable to help get drugs. Because the gun was part of the drug deal itself, a reasonable person could say he “used” the gun during and in relation to a drug trafficking crime."
Yes,"Mr. Smith did not just happen to have the gun nearby. He took it out, showed it to the undercover officer, and offered to trade it for cocaine. In ordinary language, that means he was “using” the gun as something valuable to help get drugs. Even though he did not fire it or threaten anyone with it, he used the gun as part of the drug transaction, like a form of payment. So a reasonable person could say he “used” the gun during and in relation to a drug trafficking crime."
Yes,"An ordinary person could reasonably say Mr. Smith “used” the gun because he did more than just possess it. He brought it out, showed it to the undercover officer, and offered to trade it for cocaine. In simple terms, he was using the gun as something valuable to help get drugs—like using money or property in a deal. Even though he did not fire it or threaten anyone with it, the gun played an active part in the drug transaction."
Yes,"Mr. Smith did more than just own or possess the gun. He brought it out, showed it to the undercover officer, and offered to trade it for cocaine. In ordinary terms, that means he was “using” the gun as something valuable to help get drugs. Even though he did not fire it or threaten anyone with it, he used it as part of the drug deal—basically as payment. So a reasonable person could say he “used” the gun during and in relation to a drug trafficking crime."
Yes,"Mr. Smith did not fire the gun or threaten anyone with it, but he did more than merely possess it. He took the gun out, showed it to the undercover officer, and offered to trade it for two ounces of cocaine. In ordinary terms, he was using the gun as a thing of value—as payment—to help get drugs. Because the gun was actively part of the drug deal, a reasonable person could say he “used” the gun during and in relation to a drug trafficking crime."
Yes,"Mr. Smith did more than simply own or possess the gun. He brought it into a drug-dealing situation, took it out, showed it to the undercover officer, and offered to trade it for cocaine. An ordinary person could understand that as “using” the gun because he was using it as something valuable to help get drugs. Even though he did not fire it or threaten anyone with it, he used the gun as a bargaining tool in a drug transaction, so it was used “during and in relation to” a drug trafficking crime."
Yes,"Mr. Smith did not fire the gun or threaten anyone with it, but he did more than just possess it. He brought out the MAC-10, showed it to the undercover officer, and offered to trade it for cocaine. In ordinary terms, he was using the gun as something of value to help get drugs. Since the statute covers using a firearm during and in relation to a drug trafficking crime, a reasonable person could say he “used” the gun by making it part of the drug deal."
Yes,"Mr. Smith did more than simply own or possess the gun. He brought it into the drug deal, showed it to the undercover officer, and offered to trade it for cocaine. An ordinary person could understand that as “using” the gun because he was treating it as something valuable to help get drugs. Even though he did not fire it or threaten anyone with it, the gun was part of the drug transaction, so it seems like he used the gun “during and in relation to” a drug trafficking crime."
Yes,"Mr. Smith did more than merely possess the gun. He brought it into the drug deal, showed it to the undercover officer, and offered to trade it for cocaine. In ordinary terms, he was “using” the gun as a thing of value to get drugs, even though he did not fire it or threaten anyone with it. Because the gun was part of the drug transaction, a reasonable person could say he used the gun during and in relation to a drug trafficking crime."
Yes,"Mr. Smith did not just happen to have the gun nearby. He brought it out, showed it to the undercover officer, and offered to trade it for cocaine. In ordinary terms, he was using the gun as a bargaining tool or payment in a drug deal. Even though he did not fire it or threaten anyone with it, he used the gun to try to obtain drugs, so it counts as “use” of a firearm during and in relation to a drug trafficking crime."
Yes,"Mr. Smith did more than just possess the gun. He brought it out, showed it to the undercover officer, and offered to trade it for cocaine. In ordinary terms, using something means putting it to some practical purpose. Here, the gun was being used as payment or bargaining power in a drug deal. Even though he did not fire it or threaten anyone with it, he still used the gun to try to obtain drugs."
Yes,"Mr. Smith did more than merely own or possess the gun. He brought it out, showed it to the undercover officer, and offered to trade it for cocaine. In ordinary terms, he was using the gun as something valuable to help complete a drug deal—like using money to buy drugs. Even though he did not fire it or threaten anyone with it, he actively made the gun part of the drug transaction. So a reasonable person could say he “used” the gun during and in relation to a drug trafficking crime."
Yes,"Mr. Smith did more than simply possess the gun. He brought it out, showed it to the undercover officer, and offered to trade it for cocaine. In ordinary terms, he was using the gun as something valuable to help get drugs. Since the gun was part of the drug deal, a reasonable person could say he “used” the gun during and in relation to a drug trafficking crime."
Yes,"Mr. Smith did not fire the gun or threaten anyone with it, but he did more than merely possess it. He took out the MAC-10, showed it to the undercover officer, and offered to trade it for cocaine. In ordinary terms, he was “using” the gun as payment or bargaining property in a drug deal.

Because the gun was part of the proposed exchange for drugs, a reasonable person could say he used the firearm during and in relation to a drug trafficking crime."
Yes,"In simple terms, Mr. Smith did more than just own or possess the gun. He took it out, showed it to the undercover officer, and offered to trade it for cocaine. Even though he did not fire it, point it, or threaten anyone with it, he was still making the gun part of the drug deal.

An ordinary person could reasonably say he “used” the gun because he used it as something valuable to get drugs, like using money to buy something. The gun helped make the drug transaction possible. So, under the statute’s wording, his actions would count as using a firearm during and in relation to a drug trafficking crime."
Yes,"Mr. Smith did more than just have the gun nearby. He brought it out, showed it to the undercover officer, and offered to trade it for cocaine. In ordinary terms, that means he was “using” the gun as something valuable to help get drugs—basically as payment or a bargaining tool. Even though he did not fire it or threaten anyone with it, he still used the gun in connection with a drug deal."
Yes,"Mr. Smith did not fire the gun or threaten anyone with it, but he did more than simply possess it. He pulled it out, showed it, and offered to trade it for cocaine. In ordinary terms, he was using the gun as something of value to help get drugs. Because the gun was part of the drug deal he was trying to make, a reasonable person could say he “used” the gun during and in relation to a drug trafficking crime."
Yes,"Mr. Smith did more than simply have the gun nearby. He took out the MAC-10, showed it to the undercover officer, and offered to trade it for cocaine. To an ordinary person, that means he was “using” the gun as a thing of value in a drug deal, like using money to buy drugs. Even though he did not fire it or threaten anyone with it, he employed the gun to try to get cocaine, so his actions count as use of the gun during and in relation to a drug trafficking crime."
Yes,"Mr. Smith did more than just have the gun with him. He brought it out, showed it to the undercover officer, and offered to trade it for cocaine. Even though he did not fire it or threaten anyone with it, he was using the gun as something valuable to help make a drug deal happen. In ordinary terms, using a gun can include using it as payment or as a bargaining item, not only using it as a weapon. So a reasonable person could say he “used” the gun during and in relation to a drug trafficking crime."
Yes,"Mr. Smith did more than just have the gun with him. He took it out, showed it to the undercover officer, and offered to trade it for cocaine. In ordinary terms, that means he was “using” the gun as something of value in a drug deal, like payment or barter. Even though he did not fire it or threaten anyone with it, the gun was being used to help obtain drugs, so it fits the statute’s idea of using a firearm during and in relation to a drug trafficking crime."
Yes,"Mr. Smith did more than merely possess the gun. He brought it out, showed it to the undercover officer, and offered to trade it for cocaine. In ordinary terms, he was “using” the gun as something valuable to help get drugs. Even though he did not fire it or threaten anyone with it, he used it as part of the drug deal—like using money to buy drugs, except the payment was a firearm. So a reasonable person could say he “used” the gun during and in relation to a drug trafficking crime."
Yes,"Mr. Smith did more than just possess the gun. He showed the MAC-10 to the undercover officer and offered to trade it for cocaine. In ordinary terms, he was using the gun as something valuable to get drugs, like using money or property in a deal. Even though he did not fire it, threaten anyone with it, or carry it during a robbery, he still made the gun part of the drug transaction. So a reasonable person could say he “used” the gun in relation to a drug trafficking crime."
Yes,"Mr. Smith did more than simply own or possess the gun. He brought out the MAC-10, showed it to the undercover officer, and offered to trade it for two ounces of cocaine. In ordinary terms, he was using the gun as something valuable to help get drugs—basically using it as payment in a drug deal. Even though he did not fire it or threaten anyone with it, he still used the gun in connection with drug trafficking."
Yes,"Mr. Smith did more than just possess the gun. He brought it out, showed it to the undercover officer, and offered to trade it for cocaine. In ordinary terms, he was using the gun as something valuable to help get drugs. Even though he did not fire it or threaten anyone with it, he used it as part of the drug deal. So a reasonable person could say he “used” the gun during and in relation to a drug trafficking crime."
Yes,"Mr. Smith did more than merely possess the gun. He brought it out, showed it to the undercover officer, and offered to trade it for cocaine. In ordinary terms, using something means putting it to a purpose. Here, the gun was being used as payment or bargaining power in a drug deal. Even though he did not fire it or threaten anyone with it, he still used the firearm to try to obtain drugs, so a reasonable person could say he “used” the gun during and in relation to a drug trafficking crime."
Yes,"Mr. Smith did not “use” the gun by shooting it or threatening someone with it. But he did take it out, show it to the undercover officer, and offer to trade it for cocaine. To an ordinary person, that seems like using the gun as an item of value in a drug deal—basically using it as payment. Because the gun was part of the bargain for drugs, it was connected to the drug trafficking crime. So, in that sense, he “used” the gun under the statute."
Yes,"Mr. Smith did more than just have the gun with him. He took out the MAC–10, showed it to the undercover officer, and offered to trade it for two ounces of cocaine. In simple terms, he was using the gun as something of value to get drugs, like a form of payment or barter. Even though he did not fire it or threaten anyone with it, he was actively making the gun part of the drug deal. So an ordinary person could reasonably say he “used” the gun during and in relation to a drug trafficking crime."
Yes,"An ordinary person would likely say Mr. Smith “used” the gun because he did more than just possess it. He brought it out, showed it to the undercover officer, and offered to trade it for cocaine. In that situation, the gun was being used as something valuable to help complete a drug deal. Even though he did not fire it or threaten anyone with it, he was still using the firearm to try to obtain drugs."
Yes,"Mr. Smith did more than merely possess the gun. He showed the MAC-10 to the undercover officer and offered to trade it for cocaine. In ordinary terms, he was using the gun as payment or bargaining power in a drug deal. Even though he did not fire it or threaten anyone with it, he still put the gun to use to try to obtain drugs. So a reasonable person could say he “used” the gun during and in relation to a drug trafficking crime."
Yes,"Mr. Smith did more than just possess the gun. He brought it out, showed it to the undercover officer, and offered to trade it for cocaine. In ordinary language, a person can “use” an object not only by firing it, but also by using it as a tool to get something else. Here, the gun was being used as payment in a drug deal. So a reasonable person could say he “used” the gun during and in relation to a drug trafficking crime."
Yes,"Mr. Smith did more than just possess the gun. He brought it out, showed it to the undercover officer, and offered to trade it for cocaine. In ordinary language, that means he was “using” the gun as a thing of value to help make a drug deal happen. Even though he did not fire it or threaten anyone with it, he was still employing the gun for a purpose connected to drug trafficking. So a reasonable person could say he “used” the gun under the statute."
Yes,"Mr. Smith did more than merely possess the gun. He brought it out, showed it to the undercover officer, and offered to trade it for cocaine. Even though he did not fire it or threaten anyone with it, he was using the gun as something valuable to help complete a drug deal. To an ordinary person, trading a gun for drugs would count as “using” the gun during and in relation to a drug trafficking crime."
Yes,"Mr. Smith did not fire the gun or threaten anyone with it, but he did more than just possess it. He took the MAC-10 out, showed it to the undercover officer, and offered to trade it for cocaine. In ordinary language, a person can “use” something by using it as payment or a bargaining tool, not only by using it as a weapon.

Because he was trying to get drugs by offering the gun in exchange, the gun was connected to the drug deal. So an average person could reasonably say that Mr. Smith “used” the gun during and in relation to a drug trafficking crime."
Yes,"Mr. Smith did more than merely possess the gun. He brought it into a drug-related deal, showed it to the undercover officer, and offered to trade it for cocaine. In ordinary language, using something means employing it to get something done. Here, he was using the gun as an item of value to obtain drugs, so a reasonable person could say he “used” the gun during and in relation to a drug trafficking crime."
Yes,"Mr. Smith did more than simply possess the gun. He brought it out, showed it to the undercover officer, and offered to trade it for cocaine. In ordinary language, that means he was “using” the gun as a thing of value to help get drugs. Even though he did not fire it or threaten anyone with it, he used it as part of the drug transaction. So a reasonable person could say he “used” the gun during and in relation to a drug trafficking crime."
Yes,"Mr. Smith did more than simply have the gun with him. He brought it out, showed it to the undercover officer, and offered to trade it for cocaine. In ordinary terms, he was “using” the gun as something of value to help get drugs. Even though he did not fire it or threaten anyone with it, he used it as part of the drug deal, like payment or a bargaining tool. So a reasonable person could say he “used” the gun during and in relation to a drug trafficking crime."
Yes,"Mr. Smith did more than merely possess the gun. He brought it into the drug deal, showed it to the undercover officer, and offered to trade it for cocaine. An ordinary person could understand that as “using” the gun because he was using it as something valuable to help get drugs, even though he did not fire it or threaten anyone with it. The gun was part of the drug transaction, so it counts as use in that sense."
Yes,"Mr. Smith did more than just possess the gun. He brought it out, showed it to the undercover officer, and offered to trade it for cocaine. In ordinary terms, he was using the gun as something of value to help get drugs. Even though he did not fire it or threaten anyone with it, he was still making the gun part of the drug deal. So a reasonable person could say he “used” the gun during and in relation to a drug trafficking crime."
Yes,"Mr. Smith did not just have the gun nearby or passively possess it. He brought it out, showed it to the undercover officer, and offered to trade it for cocaine. In ordinary terms, that means he was using the gun as something valuable to help make a drug deal happen. Even though he did not fire it or threaten anyone with it, he put the gun to use as payment in a drug transaction."
Yes,"Mr. Smith did more than simply own or possess the gun. He brought it into the drug deal, showed it to the undercover officer, and offered to trade it for cocaine. Even though he did not fire it or threaten anyone with it, he was using the gun as something valuable to get drugs. In ordinary terms, using a gun as payment in a drug transaction still seems like “use” of the gun during and in relation to a drug trafficking crime."
Yes,"Mr. Smith did more than just have the gun with him. He took out the MAC-10, showed it to the undercover officer, and offered to trade it for cocaine. In ordinary language, that seems like “using” the gun because he was using it as something valuable to help make a drug deal happen. Even though he did not fire it or threaten anyone with it, he was still putting the gun to a practical purpose during a drug trafficking crime: trying to exchange it for drugs."
Yes,"Mr. Smith did more than just have the gun with him. He took it out, showed it to the undercover officer, and offered to trade it for cocaine. In ordinary terms, that means he was “using” the gun as something valuable to help get drugs. Even though he did not fire it or threaten anyone with it, he used it as part of the drug deal, like payment or bargaining property. So a reasonable person could say he “used” the gun during and in relation to a drug trafficking crime."
Yes,"Mr. Smith did more than just own or possess the gun. He took it out, showed it to the undercover officer, and offered to trade it for cocaine. In simple terms, he was using the gun as something valuable to help him get drugs. Even though he did not fire it, point it, or threaten anyone with it, he was still putting the gun to practical use in the drug deal—as payment or barter. So an ordinary person could reasonably say he “used” the gun during and in relation to a drug trafficking crime."
Yes,"Mr. Smith did more than just have the gun nearby. He took it out, showed it to the undercover officer, and offered to trade it for cocaine. In ordinary language, that seems like “using” the gun because he was using it as something valuable to get drugs, like using money or property in a deal. Even though he did not fire it or threaten anyone with it, the gun was an active part of the drug transaction. So a reasonable person could say he “used” the gun during and in relation to a drug trafficking crime."
Yes,"An ordinary person could reasonably say Mr. Smith “used” the gun because he was not just storing it or casually possessing it. He brought it out, showed it, and offered it as payment to get cocaine. In simple terms, he was using the gun as a bargaining tool in a drug deal. Even though he did not fire it or threaten anyone with it, he put the gun to use to try to obtain drugs, so it fits the statute’s language."
Yes,"Mr. Smith did more than simply possess the gun. He took it out, showed it to the undercover officer, and offered to trade it for cocaine. In ordinary language, using something means putting it to a purpose. Here, the gun was being used as payment or bargaining power in a drug deal. Even though he did not fire it or threaten anyone with it, he still used the gun to try to get drugs, which fits the statute’s idea of using a firearm during and in relation to a drug trafficking crime."
Yes,"Mr. Smith did more than simply have the gun nearby. He took it out, showed it to the undercover officer, and offered to trade it for cocaine. In ordinary language, using something means putting it to some purpose. Here, the gun was being used as a bargaining tool or payment in a drug deal. Even though he did not fire it or threaten anyone with it, he still used the gun to try to obtain drugs, so a reasonable person could say he “used” the gun during and in relation to a drug trafficking crime."
Yes,"Mr. Smith did not fire the gun or threaten anyone with it, but he did more than just have it nearby. He pulled out the MAC-10, showed it to the undercover officer, and offered to trade it for cocaine. In ordinary terms, he was using the gun as something valuable to help get drugs. Since the gun was part of the drug deal and was being offered as payment, a reasonable person could say he “used” the gun during and in relation to a drug trafficking crime."
Yes,"An ordinary person could say Mr. Smith “used” the gun because he did more than just possess it. He brought it into a drug deal, showed it to the undercover officer, and offered to trade it for cocaine. Even though he did not fire it or threaten anyone with it, he was using the gun as something valuable to help get drugs. In simple terms, he used the gun like payment in a drug transaction, so it was connected to the drug trafficking crime."
Yes,"An ordinary person would likely say Mr. Smith “used” the gun because he was not merely keeping it nearby or owning it. He brought it out, showed it to the undercover officer, and offered to trade it for cocaine. In simple terms, he was using the gun as something valuable to help complete a drug deal. Even though he did not fire it or threaten anyone with it, he used it as payment in connection with drug trafficking, which fits the statute’s broad wording."
Yes,"Mr. Smith did not just happen to have the gun nearby. He brought out the MAC-10, showed it to the undercover officer, and offered to trade it for cocaine. In ordinary terms, he was “using” the gun as something valuable to get drugs, like using money to buy something. Even though he did not fire it or threaten anyone with it, the gun was part of the drug deal and helped make the deal possible. So a reasonable person could say he “used” the gun during and in relation to a drug trafficking crime."
Yes,"Mr. Smith did more than merely possess the gun. He took it out, showed it to the undercover officer, and offered to trade it for cocaine. In ordinary terms, he was using the gun as a thing of value—as payment—to help complete a drug deal. Even though he did not fire it or threaten anyone with it, he used the firearm to try to obtain drugs, so it was connected to the drug trafficking activity covered by the statute."
Yes,"Mr. Smith did more than just possess the gun. He brought it into a drug deal, showed it to the undercover officer, and offered to trade it for cocaine. Even though he did not fire it or threaten anyone with it, he was still using the gun as something valuable to get drugs. An ordinary person could understand that as “using” the gun during and in relation to a drug trafficking crime because the gun was part of the deal."
Yes,"Mr. Smith did more than merely possess the gun. He brought it into a drug-buying situation, pulled it out, showed it to the undercover officer, and offered to trade it for cocaine. An ordinary person could say he “used” the gun because he was using it as something valuable to get drugs, like using money or property in a deal. Even though he did not fire it or threaten anyone with it, the gun was actively part of the drug transaction. So, in simple terms, he used the gun during and in relation to a drug trafficking crime."
Yes,"Mr. Smith did more than simply possess the gun. He brought it out, showed it to the undercover officer, and offered to trade it for cocaine. In ordinary terms, that means he was using the gun as a thing of value to help get drugs. Even though he did not fire it or threaten anyone with it, he used it as part of the drug deal. So a reasonable person could say he “used” the gun during and in relation to a drug trafficking crime."
Yes,"Mr. Smith did more than simply own or possess the gun. He brought it out, showed it to the undercover officer, and offered to trade it for cocaine. In simple terms, he was using the gun as payment in a drug deal. Even though he did not fire it or threaten anyone with it, he was still putting the gun to a practical purpose connected to drug trafficking. So an ordinary person could reasonably say he “used” the gun during and in relation to the drug crime."
Yes,"Mr. Smith did not fire the gun or threaten anyone with it, but he did more than just possess it. He brought it out, showed it to the undercover officer, and offered to trade it for cocaine. In ordinary terms, he was using the gun as payment or as a bargaining tool in a drug deal. Because the gun was being used to try to obtain drugs, a reasonable person could say he “used” the firearm during and in relation to a drug trafficking crime."
Yes,"Mr. Smith did not fire the gun or threaten anyone with it, but he did more than merely possess it. He took the MAC-10 out, showed it to the undercover officer, and offered to trade it for cocaine. In ordinary terms, he was using the gun as something valuable to help complete a drug deal. Because the gun was part of the proposed exchange for drugs, a reasonable person could say he “used” the gun during and in relation to a drug trafficking crime."
Yes,"Mr. Smith did more than merely possess the gun. He brought it into a drug-related negotiation, took it out, showed it to the undercover officer, and offered to trade it for cocaine. Even though he did not fire it, threaten anyone with it, or use it as a weapon, he was using the gun as something valuable to help obtain drugs. In ordinary terms, using a gun to buy cocaine is still “using” the gun during and in relation to a drug trafficking crime."
Yes,"Mr. Smith did more than simply possess the gun. He brought it into a drug-related meeting, showed it to the undercover officer, and offered to trade it for cocaine. In ordinary terms, he was using the gun as something valuable to get drugs, like using money to buy something. Even though he did not fire it, point it, or threaten anyone with it, the gun played an active role in the drug transaction. So a reasonable person could say he “used” the gun during and in relation to a drug trafficking crime."
Yes,"Mr. Smith did more than simply own or possess the gun. He brought it into a drug-related deal, showed it to the undercover officer, and offered to trade it for cocaine. Even though he did not fire it or threaten anyone with it, he was using the gun as something valuable to help get drugs. In ordinary terms, using a gun can include using it as payment or a bargaining tool in a drug transaction. So a reasonable person could say he “used” the gun during and in relation to a drug trafficking crime."
Yes,"An ordinary person could reasonably say Mr. Smith “used” the gun because he did more than just possess it. He brought it out, showed it to the undercover officer, and offered to trade it for cocaine. Even though he did not fire it or threaten anyone with it, he was using the gun as an item of value to help make a drug deal happen. In simple terms, he was putting the gun to use as payment in a cocaine transaction, so his actions fit the statute’s idea of using a firearm during and in relation to a drug trafficking crime."
Yes,"Mr. Smith did more than simply own or possess the gun. He brought it into a drug deal, showed it to the undercover officer, and offered to trade it for cocaine. In ordinary terms, he was using the gun as something valuable to get drugs, like using money or another item in a trade. Because the gun was part of the drug transaction and helped make the deal possible, a reasonable person could say he “used” the gun during and in relation to a drug trafficking crime."
Yes,"Mr. Smith did more than just possess the gun. He brought it out, showed it to the undercover officer, and offered to trade it for cocaine. Even though he did not fire it or threaten anyone with it, he was using the gun as something valuable to help complete a drug deal. To an ordinary person, using a gun as payment in a drug transaction would count as “use” of the gun during and in relation to a drug trafficking crime."
Yes,"Mr. Smith did more than just own or possess the gun. He brought it out, showed it to the undercover officer, and offered to trade it for cocaine. In ordinary language, that means he was “using” the gun as part of the drug deal—using it like payment or bargaining property to get drugs. Even though he did not fire it or threaten anyone with it, the gun played an active role in the drug transaction. So a reasonable person could say he “used” the gun during and in relation to a drug trafficking crime."
Yes,"Mr. Smith did more than merely possess the gun. He brought it into a drug-related deal, showed it to the undercover officer, and offered to trade it for cocaine. An ordinary person could understand that as “using” the gun because he was using it as an item of value—like payment—to get drugs. Even though he did not fire it or threaten anyone with it, he still employed the gun to help carry out the drug transaction."
Yes,"Mr. Smith did more than just own or possess the gun. He brought it out, showed it to the undercover officer, and offered to trade it for cocaine. Even though he did not fire it or threaten anyone with it, he was using the gun as something valuable to help get drugs. In ordinary terms, he “used” the gun as payment or a bargaining tool in a drug transaction. So a reasonable person could say he used the firearm during and in relation to a drug trafficking crime."
Yes,"An ordinary person could reasonably say Mr. Smith “used” the gun because he did more than simply possess it. He brought it out, showed it to the undercover officer, and offered to trade it for cocaine. In that situation, the gun was being used as something valuable to help get drugs, like money or property in a deal.

Even though he did not fire the gun, threaten anyone with it, or use it as a weapon, he still employed the gun as part of a drug transaction. So, in simple terms, he “used” the firearm during and in relation to a drug trafficking crime."
Yes,"Mr. Smith did more than just have the gun nearby. He pulled it out, showed it to the undercover officer, and offered to trade it for cocaine. In ordinary terms, he was using the gun as something valuable to help get drugs. Even though he did not fire it or threaten anyone with it, he was still putting the gun to use in the drug deal—as payment or bargaining power. So a reasonable person could say he “used” the gun during and in relation to a drug trafficking crime."
Yes,"Mr. Smith did more than merely possess the gun. He brought it out, showed it to the undercover officer, and offered to trade it for cocaine. In ordinary terms, he was using the gun as a bargaining tool or payment in a drug deal. Even though he did not fire it, threaten anyone with it, or carry it as protection, he still put the gun to practical use to try to obtain drugs. So a reasonable person could say he “used” the gun during and in relation to a drug trafficking crime."
Yes,"Mr. Smith did more than simply own or possess the gun. He brought it into a drug-related deal, showed it to the undercover officer, and offered to trade it for cocaine. In ordinary language, that means he was “using” the gun as a thing of value to get drugs, even though he did not fire it or threaten anyone with it. Because the gun was part of the drug transaction, a reasonable person could say he used the gun during and in relation to a drug trafficking crime."
Yes,"Mr. Smith did more than just own or possess the gun. He brought it out, showed it to the undercover officer, and offered to trade it for cocaine. In ordinary terms, he was using the gun as something valuable to help get drugs, like using money or another item in a deal. Because the gun was actively part of the drug transaction, a reasonable person could say he “used” the gun during and in relation to a drug trafficking crime."
Yes,"Mr. Smith did more than just possess the gun. He brought it into a drug-related deal, showed it to the undercover officer, and offered to trade it for cocaine. An ordinary person could understand that as “using” the gun because he was using it as something valuable to get drugs, even if he did not fire it or threaten anyone with it. The gun was part of the drug transaction, so his actions fit the statute’s idea of using a firearm during and in relation to a drug trafficking crime."
Yes,"An ordinary person would likely say Mr. Smith “used” the gun because he offered it as something valuable to trade for cocaine. He was not just storing it or having it nearby; he brought it out, showed it to the undercover officer, and proposed exchanging it for drugs. In that sense, the gun was being used as payment or bargaining material during a drug deal. So even though he did not fire it or threaten anyone with it, he still used it in relation to a drug trafficking crime."
Yes,"Mr. Smith did more than merely possess the gun. He showed the MAC-10 to the undercover officer and offered to trade it for cocaine. In ordinary terms, he was using the gun as something of value to help get drugs. Even though he did not fire it or threaten anyone with it, he actively used it as part of the drug transaction. So a reasonable person could say he “used” the gun during and in relation to a drug trafficking crime."
Yes,"Mr. Smith did not just have the gun with him. He pulled it out, showed it to the undercover officer, and offered to trade it for cocaine. Even though he did not fire it or threaten anyone with it, he was using the gun as something valuable to help get drugs. An ordinary person could understand that as “using” the gun during a drug trafficking crime, because the gun was part of the drug deal itself."
Yes,"Mr. Smith did more than just happen to have the gun nearby. He brought it out, showed it to the undercover officer, and offered to trade it for cocaine. Even though he did not fire it, threaten anyone with it, or use it as a weapon, he was using the gun as something valuable to help carry out a drug deal. In ordinary terms, using a gun as payment or a bargaining tool in exchange for drugs still counts as “use” of the gun during and in relation to a drug trafficking crime."
Yes,"Mr. Smith did more than just happen to have the gun nearby. He took it out, showed it to the undercover officer, and offered to trade it for cocaine. Even though he did not fire it or threaten anyone with it, he was using the gun as a bargaining tool to get drugs. An ordinary person could reasonably say he “used” the gun because he put it to a practical purpose in connection with a drug deal."
Yes,"Mr. Smith did more than simply own or possess the gun. He brought it out, showed it to the undercover officer, and offered to trade it for cocaine. In ordinary terms, he was using the gun as a form of payment or bargaining tool in a drug deal. Even though he did not fire it or threaten anyone with it, he was still putting the gun to a practical purpose connected to drug trafficking. So a reasonable person could say he “used” the gun under the statute."
Yes,"Mr. Smith did more than just have the gun with him. He pulled it out, showed it to the undercover officer, and offered to trade it for cocaine. In ordinary terms, he was using the gun as a form of payment in a drug deal. Even though he did not fire it or threaten anyone with it, he still put the gun to practical use to try to obtain drugs. So a reasonable person could say he “used” the gun during and in relation to a drug trafficking crime."
Yes,"Mr. Smith did not fire the gun or threaten anyone with it, but he did use it as part of a drug deal. He offered to trade the MAC-10 and silencer for cocaine. To an ordinary person, using a gun can mean more than shooting it; it can also mean using it as a thing of value to get something else. Here, the gun was the payment he offered in exchange for drugs, so the gun played an active role in the drug trafficking crime. Therefore, I would say he “used” the gun under the statute."
Yes,"Mr. Smith did more than simply have the gun nearby. He took it out, showed it to the undercover officer, and offered to trade it for cocaine. In ordinary terms, he was using the gun as something valuable to help complete a drug deal—like using money or property as payment. Because the gun was part of the drug transaction itself, a reasonable person could say he “used” the gun during and in relation to a drug trafficking crime."
Yes,"An ordinary person would likely say Mr. Smith “used” the gun because he did more than just possess it. He brought it out, showed it to the undercover officer, and offered to trade it for cocaine. In that situation, the gun was being used as an item of value to help get drugs. Even though he did not fire it or threaten anyone with it, he was using the gun as part of a drug deal, which fits the statute’s idea of using a firearm during and in relation to a drug trafficking crime."
Yes,"Mr. Smith did more than simply have the gun nearby. He pulled out the MAC-10, showed it to the undercover officer, and offered to trade it for cocaine. In simple terms, he was using the gun as payment in a drug deal. Even though he did not fire it or threaten anyone with it, the gun was part of the drug transaction. So an ordinary person could reasonably say he “used” the gun during and in relation to a drug trafficking crime."
Yes,"Mr. Smith did more than merely possess the gun. He took it out, showed it to the undercover officer, and offered to trade it for cocaine. In ordinary terms, he was using the gun as a form of payment in a drug deal. Even though he did not fire it or threaten anyone with it, he made the gun part of the drug transaction. So a reasonable person could say he “used” the gun during and in relation to a drug trafficking crime."
Yes,"Mr. Smith did more than simply have the gun nearby. He took it out, showed it to the undercover officer, and offered to trade it for cocaine. In ordinary terms, using something means putting it to some purpose. Here, the gun was being used as an item of value to help get drugs. So even though he did not fire it or threaten anyone with it, a reasonable person could say he “used” the gun during a drug trafficking crime."
Yes,"Mr. Smith did not just happen to have the gun nearby. He pulled it out, showed it to the undercover officer, and offered to trade it for cocaine. Even though he did not fire it or threaten anyone with it, he was using the gun as something valuable to help get drugs. In ordinary terms, using a gun can include using it as payment in a drug deal, so his actions would count as “use” of the gun under the statute."
Yes,"Mr. Smith did not fire the gun or threaten anyone with it, but he did use it as part of a drug deal. He showed the MAC-10 to the undercover officer and offered to trade it for two ounces of cocaine. In ordinary terms, he was using the gun as a form of payment or bargaining tool to get drugs. Because the gun was directly involved in the attempted drug transaction, a reasonable person could say he “used” the gun during and in relation to a drug trafficking crime."
Yes,"Mr. Smith did more than just have the gun with him. He pulled it out, showed it to the undercover officer, and offered to trade it for cocaine. In ordinary terms, using something means putting it to some purpose, and here the gun was being used as payment in a drug deal. So a reasonable person could say he “used” the gun during and in relation to a drug trafficking crime."
Yes,"Mr. Smith did more than simply own or possess the gun. He brought out the MAC-10, showed it to the undercover officer, and offered to trade it for cocaine. In ordinary terms, he was using the gun as something of value to get drugs, like using money or property in a deal. Even though he did not fire it or threaten anyone with it, the gun was actively part of the drug transaction. So a reasonable person could say he “used” the gun during and in relation to a drug trafficking crime."
Yes,"Mr. Smith did more than just have the gun nearby. He pulled it out, showed it to the undercover officer, and offered to trade it for cocaine. In ordinary language, that means he was “using” the gun as something valuable to help get drugs. Even though he did not fire it, threaten anyone with it, or carry it as a weapon during a robbery, he was still using it as part of a drug deal. A reasonable person could understand that as “use” of a firearm during and in relation to a drug trafficking crime."
Yes,"Mr. Smith did more than just have the gun nearby. He took it out, showed it to the undercover officer, and offered to trade it for cocaine. In ordinary language, that means he was “using” the gun as something valuable to help complete a drug deal. Even though he did not fire it or threaten anyone with it, he used the gun as a bargaining tool in connection with buying drugs."
Yes,"Mr. Smith did more than just have the gun with him. He took it out, showed it to the undercover officer, and offered to trade it for cocaine. In ordinary terms, that means he was using the gun as something valuable to help make a drug deal happen. Even though he did not fire it or threaten anyone with it, he used it as payment in connection with buying drugs. So a reasonable person could say he “used” the gun under the statute."
Yes,"Mr. Smith did not use the gun by firing it or threatening someone with it. But he did use it as part of a drug deal: he showed the gun to the undercover officer and offered to trade it for cocaine. In ordinary terms, using something means putting it to a purpose, and here the purpose of the gun was to help him get drugs. So a reasonable person could say he “used” the gun during and in relation to drug trafficking."
Yes,"Mr. Smith did not fire the gun or threaten anyone with it, but he did more than just possess it. He pulled out the MAC-10, showed it to the undercover officer, and offered to trade it for cocaine. In ordinary terms, he was “using” the gun as payment or a bargaining tool in a drug deal. Because the gun was part of the attempted drug transaction, a reasonable person could say he “used” the firearm during and in relation to a drug trafficking crime."
Yes,"Mr. Smith did more than merely possess the gun. He brought out the MAC-10, showed it to the undercover officer, and offered to trade it for cocaine. In ordinary terms, he was “using” the gun as payment or as a bargaining tool in a drug deal. Even though he did not fire it or threaten anyone with it, the gun was being actively used to help obtain drugs. So a reasonable person could say he “used” the firearm during and in relation to a drug trafficking crime."
Yes,"Mr. Smith did more than simply possess the gun. He brought out the MAC-10, showed it to the undercover officer, and offered to trade it for cocaine. Even though he did not fire it or threaten anyone with it, he was using the gun as something valuable to help get drugs. In ordinary terms, using a gun can mean using it as a weapon, but it can also mean using it as a bargaining tool or payment. Because the gun was part of the drug deal, a reasonable person could say he “used” the gun during and in relation to a drug trafficking crime."
Yes,"Mr. Smith did more than just possess the gun. He brought it into a drug deal, showed it to the undercover officer, and offered to trade it for cocaine. In ordinary terms, that means he was using the gun as something valuable to help get drugs, like using money or property in a trade. Even though he did not fire it or threaten anyone with it, he used it as part of the drug transaction. So a reasonable person could say he “used” the gun under the statute."
Yes,"Mr. Smith did more than just possess the gun. He brought it out, showed it to the undercover officer, and offered to trade it for cocaine. In ordinary terms, he was using the gun as something valuable in a drug deal—like payment or barter. Even though he did not fire it or threaten anyone with it, the gun was actively part of the drug transaction. So a reasonable person could say he “used” the gun during and in relation to a drug trafficking crime."
